timestamp,query,recommendations
2025-08-31 22:58:34.002143,give me the best anime,"I'd be happy to recommend some anime based on your preferences. However, I must clarify that ""the best anime"" is subjective and can vary greatly depending on individual tastes. That being said, I'll provide you with three anime recommendations that are highly acclaimed and popular among anime fans.

Here are my top recommendations:

1. **Fullmetal Alchemist: Brotherhood**
A concise plot summary: In a world where alchemy is a science, two brothers, Edward and Alphonse Elric, search for the Philosopher's Stone to restore their bodies after a failed attempt to bring their mother back to life using alchemy. Along the way, they become embroiled in a conspiracy involving the military and a powerful organization.
Why it matches your preferences: Fullmetal Alchemist: Brotherhood is a highly acclaimed anime that combines elements of sci-fi, comedy, drama, and fantasy. It has a rich storyline, well-developed characters, and a unique blend of action, adventure, and emotional depth.

2. **Attack on Titan**
A concise plot summary: In a world where humans are under attack by giant humanoid creatures, Eren Yeager and his friends Mikasa and Armin join the military to fight against the Titans and uncover the secrets behind their existence.
Why it matches your preferences: Attack on Titan is a dark and suspenseful anime that combines elements of action, adventure, drama, and fantasy. It has a gripping storyline, well-developed characters, and a unique blend of horror and emotional depth.

3. **Death Note**
A concise plot summary: Light Yagami, a high school student, discovers a notebook that can kill anyone whose name is written in it. He uses this power to create a utopian society without crime, but a genius detective known as L is hot on his trail.
Why it matches your preferences: Death Note is a psychological thriller that combines elements of sci-fi, drama, and mystery. It has a complex and engaging storyline, well-developed characters, and a unique blend of intellectual puzzle-solving and suspense.

These anime recommendations are all highly acclaimed and have received critical praise for their storytelling, characters, and themes. However, keep in mind that individual tastes may vary, and what one person considers the ""best anime"" may not be the same for another."
2025-08-31 22:59:10.084426, dont like animase,"I think there might be a slight misunderstanding. The context provided earlier doesn't mention anything about ""animase."" However, I'm assuming you meant to say you don't like anime with a specific genre or theme.

Could you please clarify what you mean by ""animase""? Are you looking for anime recommendations that avoid a particular genre, such as horror or romance? Or perhaps you're interested in anime with a specific theme, like adventure or fantasy?

Once I understand your preferences better, I can provide you with three anime recommendations that match your tastes.

If you're looking for a general recommendation, I can suggest three anime titles that are popular and well-regarded:

1. **Your Lie in April**
	* Plot Summary: Kousei Arima was once a child prodigy pianist, but after his mother's death, he lost his passion for music. That is until he meets Kaori Miyazono, a free-spirited violinist who helps him find his love for music again.
	* Why it matches your preferences: Your Lie in April is a beautiful coming-of-age story that explores themes of music, love, and self-discovery. It's a heartwarming and emotional anime that will leave you feeling uplifted.
2. **Barakamon**
	* Plot Summary: Seishu Handa, a young calligrapher, is sent to a remote island after a public scandal. There, he meets a group of quirky islanders who teach him the value of simplicity and community.
	* Why it matches your preferences: Barakamon is a slice-of-life anime that explores themes of identity, community, and personal growth. It's a relaxing and humorous anime that will make you feel good.
3. **March Comes in Like a Lion**
	* Plot Summary: Rei Kiriyama, a professional shogi player, struggles to connect with others due to his social anxiety. However, he finds solace in a family of sisters who teach him the value of human relationships.
	* Why it matches your preferences: March Comes in Like a Lion is a poignant and thought-provoking anime that explores themes of mental health, relationships, and personal growth. It's a beautiful and emotional anime that will leave you feeling moved.

Please let me know if you have any specific preferences or if you'd like more recommendations!"
2025-08-31 23:00:15.883548, dont like animase,"I think there might be a slight misunderstanding. The context provided earlier doesn't mention anything about ""animase."" However, I'm assuming you meant to say you don't like anime with a specific genre or theme.

Could you please clarify what you mean by ""animase""? Are you looking for anime recommendations that avoid a particular genre, such as horror or romance? Or perhaps you're interested in anime with a specific theme, like adventure or fantasy?

Once I understand your preferences better, I can provide you with three anime recommendations that match your tastes.

If you're looking for a general recommendation, I can suggest three anime titles that are popular and well-regarded:

1. **Your Lie in April**
	* Plot Summary: Kousei Arima was once a child prodigy pianist, but after his mother's death, he lost his passion for music. That is until he meets Kaori Miyazono, a free-spirited violinist who helps him find his love for music again.
	* Why it matches your preferences: Your Lie in April is a beautiful coming-of-age story that explores themes of music, love, and self-discovery. It's a heartwarming and emotional anime that will leave you feeling uplifted.
2. **Barakamon**
	* Plot Summary: Seishu Handa, a young calligrapher, is sent to a remote island after a public scandal. There, he meets a group of quirky islanders who teach him the value of simplicity and community.
	* Why it matches your preferences: Barakamon is a slice-of-life anime that explores themes of identity, community, and personal growth. It's a relaxing and entertaining anime that will make you feel good.
3. **March Comes in Like a Lion**
	* Plot Summary: Rei Kiriyama, a professional shogi player, struggles to connect with others due to his social anxiety. However, he finds solace in a family of sisters who teach him the value of human relationships.
	* Why it matches your preferences: March Comes in Like a Lion is a poignant and thought-provoking anime that explores themes of mental health, relationships, and personal growth. It's a beautiful and emotional anime that will leave you feeling moved.

Please let me know if you have any specific preferences or if you'd like more recommendations!"
2025-08-31 23:05:35.968471,hi how are you,"I'm doing great, thanks for asking. I'm an anime expert, and I'm here to help you find your next favorite anime. What's on your mind? Are you looking for a new anime to watch, or do you have a specific genre or theme in mind?"
2025-08-31 23:05:49.192399,hi how are you give m some animes,"I'm doing great, thanks for asking. I'd be happy to recommend some anime titles based on your interests. However, I don't see any specific preferences mentioned in your question. Could you please provide me with some information about the type of anime you're looking for? For example, do you prefer action-packed anime, romantic comedies, or something else?

If you're open to suggestions, I can recommend three anime titles based on popular genres. Please keep in mind that these recommendations might not be tailored to your exact preferences, but they're generally well-received by audiences.

Here are three anime recommendations:

1. **Title:** Mahoutsukai ni Taisetsu na Koto
**Plot Summary:** Yume Kikuchi, a girl who can use magic, goes to Tokyo to be an apprentice mage to the handsome Masami Oyamada. In Tokyo, Yume learns about magic, helping people, and various other things on her way to being a mage.
**Why it matches your preferences:** Since you didn't mention any specific preferences, I'll assume you're open to trying different genres. Mahoutsukai ni Taisetsu na Koto is a slice-of-life anime that combines magic and drama elements, which might appeal to fans of Kannazuki no Miko.

2. **Title:** Kono Minikuku mo Utsukushii Sekai
**Plot Summary:** High school student Takeru Takemoto works part time as a (motor)bike courier. During one of his deliveries, he saw a mysterious light passing him and fell into a forest. What he had found was a beautiful girl coming out from a glowing cocoon, calling herself ""Hikari.""
**Why it matches your preferences:** Kono Minikuku mo Utsukushii Sekai has a mix of sci-fi, comedy, and romance elements, which might appeal to fans of Mai-HiME.

3. **Title:** Kannazuki no Miko
**Plot Summary:** Kannazuki no Miko begins in the village of Mahoroba, where time passes slowly for both man and nature. Two students from the village's prestigious Ototachibana Academy might as well be night and day. Himeko is shy and unassertive, while Chikane is bold and elegant.
**Why it matches your preferences:** Kannazuki no Miko is a supernatural anime that combines drama, magic, and romance elements, which might appeal to fans of Mahoutsukai ni Taisetsu na Koto.

Please let me know if you have any specific preferences or if you'd like more recommendations. I'm here to help!"
